"ipaddress","username","timestamp"
"109.111.183.33","Cade","  1568784590"
"34.196.114.208","Hiroko","586876071"
"13.249.188.6","Keith","1553229966"
"207.46.13.35","Drew","1568984168"
"185.32.57.162","Risa","1583140314"
"178.154.244.178","Colette","1565788649"
"45.32.237.128","Brandon","1535299975"
"34.242.33.176","Katelyn","1558200639"
"217.160.83.118","Katie","1566629701"
"217.160.82.118","Tatyana","1550002496"
"217.160.81.118","Rigel","1536286701"
"217.160.80.118","Jena","1579246791"
"162.251.82.252","Janna","1541912720"
"162.251.82.248","Plato","1565948471"
"162.251.82.247","Giacomo","1551306610"
"162.251.82.123","Buckminster","1585836139"
"103.19.128.198","Alfreda","1553740750"
"45.162.228.138","Jared","1590066721"
"217.160.83.20","Mariam","1536600872"
"217.160.82.20","Hyatt","1530933448"
"217.160.81.20","Stella","1562004582"
"217.160.80.20","Evelyn","1583695803"
"103.19.128.0","Ulric","1536356751"
"100.43.81.105","Ainsley","1579339391"
"66.249.92.40","Mohammad","1549421853"
"166.62.26.43","Rafael","1564568604"
"217.160.83.75","Adele","1534263318"
"217.160.82.75","Brandon","1539076918"
"217.160.81.75","Camden","1582615353"
"217.160.80.75","Brandon","1552835410"
"207.46.13.175","Brandon","1556221788"
"182.140.167.166","Trevor","1562826028"
"178.154.244.201","Flynn","1540841094"
"178.32.3.143","Willow","1531989595"
"149.56.80.250","Jerry","1559324868"
"140.205.81.23","Dylan","1569264753"
"108.61.150.91","Chancellor","1566355193"
"106.11.211.54","Emery","1546745417"
"45.58.35.217","Rebecca","1551162703"
"40.77.167.111","September","1551771159"
"1.85.33.122","Michelle","1577425983"
"119.167.66.28","Marsden","1592504450"
"111.161.57.81","Anthony","1561043279"
"13.249.188.27","Katie","1563038448"
"217.160.83.101","Katie","1554648379"
"217.160.82.101","Octavius","1579739837"
"217.160.81.101","Tanek","1563702238"
"154.92.201.207","Callie","1561532350"
"125.208.12.219","Patrick","1565374670"